{"cameraMode":{"drawMode":0,"name":"Shaded","section":"Shading Mode"},"sceneLighting":false,"audioPlay":false,"sceneViewState":{"showFog":true,"showMaterialUpdate":false,"showSkybox":false,"showFlares":true,"showImageEffects":true,"showParticleSystems":true},"in2DMode":false,"pivot":{"x":-0.32259178161621096,"y":-0.04071235656738281,"z":0.351104736328125},"rotation":{"x":-0.11616148799657822,"y":0.8619963526725769,"z":-0.22913400828838349,"w":-0.4369966983795166},"size":10.0,"orthographic":false}